"Time","BPS-AOT","BPS-JIT","EPS-AOT","EPS-JIT","FUS-AOT","FUS-JIT","SRS-AOT","SRS-JIT"
2024-04-29 18:20:00,0,0,0,0,0,0,0,0
2024-04-29 18:20:01,0,0,0,0,0,0,0,0
2024-04-29 18:20:02,0,0,0,0,0,0,0,0
2024-04-29 18:20:03,0,0,0,0,0,0,0,0
2024-04-29 18:20:04,0,0,0,0,0,0,0,0
2024-04-29 18:20:05,0,0,0,0,0,0,0,0
2024-04-29 18:20:06,0,0,0,0,0,0,0,0
2024-04-29 18:20:07,0,0,0,0,0,0,0,0
2024-04-29 18:20:08,0,0,0,0,0,0,0,0
2024-04-29 18:20:09,0,0,0,0,0,0,0,0
2024-04-29 18:20:10,0,0,0,0,0,0,0,0
2024-04-29 18:20:11,0,0,0,0,0,0,0,0
2024-04-29 18:20:12,0,0,0,0,0,0,0,0
2024-04-29 18:20:13,0,0,0,0,0,0,0,0
2024-04-29 18:20:14,0,0,0,0,0,0,0,0
2024-04-29 18:20:15,0,0,0,0,0,0,0,0
2024-04-29 18:20:16,0,0,0,0,0,0,0,0
2024-04-29 18:20:17,0,0,0,0,0,0,0,0
2024-04-29 18:20:18,0,0,0,0,0,0,0,0
2024-04-29 18:20:19,0,0,0,0,0,0,0,0
2024-04-29 18:20:20,0,0,0,0,0,0,0,0
2024-04-29 18:20:21,0,0,0,0,0,0,0,0
2024-04-29 18:20:22,0,0,0,0,0,0,0,0
2024-04-29 18:20:23,0,0,0,0,0,0,0,0
2024-04-29 18:20:24,0,0,0,0,0,0,0,0
2024-04-29 18:20:25,0,0,0,0,0,0,0,0
2024-04-29 18:20:26,0,0,0,0,0,0,0,0
2024-04-29 18:20:27,0,0,0,0,0,0,0,0
2024-04-29 18:20:28,0,0,0,0,0,0,0,0
2024-04-29 18:20:29,0,0,0,0,0,0,0,0
2024-04-29 18:20:30,0,0,0,0,0,0,0,0
2024-04-29 18:20:31,0,0,0,0,0,0,0,0
2024-04-29 18:20:32,0,0,0,0,0,0,0,0
2024-04-29 18:20:33,0,0,0,0,0,0,0,0
2024-04-29 18:20:34,0,0,0,0,0,0,0,0
2024-04-29 18:20:35,0,0,0,0,0,0,0,0
2024-04-29 18:20:36,0,0,0,0,0,0,0,0
2024-04-29 18:20:37,0,0,0,0,0,0,0,0
2024-04-29 18:20:38,0,0,0,0,0,0,0,0
2024-04-29 18:20:39,0,0,0,0,0,0,0,0
2024-04-29 18:20:40,0,0,0,0,0,0,0,0
2024-04-29 18:20:41,0,0,0,0,0,0,0,0
2024-04-29 18:20:42,0,0,0,0,0,0,0,0
2024-04-29 18:20:43,0,0,0,0,0,0,0,0
2024-04-29 18:20:44,0,0,0,0,0,0,0,0
2024-04-29 18:20:45,0,0,0,0,0,0,0,0
2024-04-29 18:20:46,0,0,0,0,0,0,0,0
2024-04-29 18:20:47,0,0,0,0,0,0,0,0
2024-04-29 18:20:48,0,0,0,0,0,0,0,0
2024-04-29 18:20:49,0,0,0,0,0,0,0,0
2024-04-29 18:20:50,0,0,0,0,0,0,0,0
2024-04-29 18:20:51,0,0,0,0,0,0,0,0
2024-04-29 18:20:52,0,0,0,0,0,0,0,0
2024-04-29 18:20:53,0,0,0,0,0,0,0,0
2024-04-29 18:20:54,0,0,0,0,0,0,0,0
2024-04-29 18:20:55,0,0,0,0,0,0,0,0
2024-04-29 18:20:56,0,0,0,0,0,0,0,0
2024-04-29 18:20:57,0,0,0,0,0,0,0,0
2024-04-29 18:20:58,0,0,0,0,0,0,0,0
2024-04-29 18:20:59,0,0,0,0,0,0,0,0
2024-04-29 18:21:00,0,0,0,0,0,0,0,0
2024-04-29 18:21:01,0,0,0,0,0,0,0,0
2024-04-29 18:21:02,0,0,0,0,0,0,0,0
2024-04-29 18:21:03,0,0,0,0,0,0,0,0
2024-04-29 18:21:04,0,0,0,0,0,0,0,0
2024-04-29 18:21:05,0,0,0,0,0,0,0,0
2024-04-29 18:21:06,0,0,0,0,0,0,0,0
2024-04-29 18:21:07,0,0,0,0,0,0,0,0
2024-04-29 18:21:08,0,0,0,0,0,0,0,0
2024-04-29 18:21:09,0,0,0,0,0,0,0,0
2024-04-29 18:21:10,0,0,0,0,0,0,0,0
2024-04-29 18:21:11,0,0,0,0,0,0,0,0
2024-04-29 18:21:12,0,0,0,0,0,0,0,0
2024-04-29 18:21:13,0,0,0,0,0,0,0,0
2024-04-29 18:21:14,0,0,0,0,0,0,0,0
2024-04-29 18:21:15,0,0,0,0,0,0,0,0
2024-04-29 18:21:16,0,0,0,0,0,0,0,0
2024-04-29 18:21:17,0,0,0,0,0,0,0,0
2024-04-29 18:21:18,0,0,0,0,0,0,0,0
2024-04-29 18:21:19,0,0,0,0,0,0,0,0
2024-04-29 18:21:20,0,0,0,0,0,0,0,0
2024-04-29 18:21:21,0,0,0,0,0,0,0,0
2024-04-29 18:21:22,0,0,0,0,0,0,0,0
2024-04-29 18:21:23,0,0,0,0,0,0,0,0
2024-04-29 18:21:24,0,0,0,0,0,0,0,0
2024-04-29 18:21:25,0,0,0,0,0,0,0,0
2024-04-29 18:21:26,0,0,0,0,0,0,0,0
2024-04-29 18:21:27,0,0,0,0,0,0,0,0
2024-04-29 18:21:28,0,0,0,0,0,0,0,0
2024-04-29 18:21:29,0,0,0,0,0,0,0,0
2024-04-29 18:21:30,0,0,0,0,0,0,0,0
2024-04-29 18:21:31,0,0,0,0,0,0,0,0
2024-04-29 18:21:32,0,0,0,0,0,0,0,0
2024-04-29 18:21:33,0,0,0,0,0,0,0,0
2024-04-29 18:21:34,0,0,0,0,0,0,0,0
2024-04-29 18:21:35,0,0,0,0,0,0,0,0
2024-04-29 18:21:36,0,0,0,0,0,0,0,0
2024-04-29 18:21:37,0,0,0,0,0,0,0,0
2024-04-29 18:21:38,0,0,0,0,0,0,0,0
2024-04-29 18:21:39,0,0,0,0,0,0,0,0
2024-04-29 18:21:40,0,0,0,0,0,0,0,0
2024-04-29 18:21:41,0,0,0,0,0,0,0,0
2024-04-29 18:21:42,0,0,0,0,0,0,0,0
2024-04-29 18:21:43,0,0,0,0,0,0,0,0
2024-04-29 18:21:44,0,0,0,0,0,0,0,0
2024-04-29 18:21:45,0,0,0,0,0,0,0,0
2024-04-29 18:21:46,0,0,0,0,0,0,0,0
2024-04-29 18:21:47,0,0,0,0,0,0,0,0
2024-04-29 18:21:48,0,0,0,0,0,0,0,0
2024-04-29 18:21:49,0,0,0,0,0,0,0,0
2024-04-29 18:21:50,0,0,0,0,0,0,0,0
2024-04-29 18:21:51,0,0,0,0,0,0,0,0
2024-04-29 18:21:52,0,0,0,0,0,0,0,0
2024-04-29 18:21:53,0,0,0,0,0,0,0,0
2024-04-29 18:21:54,0,0,0,0,0,0,0,0
2024-04-29 18:21:55,0,0,0,0,0,0,0,0
2024-04-29 18:21:56,0,0,0,0,0,0,0,0
2024-04-29 18:21:57,0,0,0,0,0,0,0,0
2024-04-29 18:21:58,0,0,0,0,0,0,0,0
2024-04-29 18:21:59,0,0,0,0,0,0,0,0
2024-04-29 18:22:00,0,0,0,0,0,0,0,0
2024-04-29 18:22:01,0,0,0,0,0,0,0,0
2024-04-29 18:22:02,0,0,0,0,0,0,0,1
2024-04-29 18:22:03,0,0,0,0,0,0,0,4
2024-04-29 18:22:04,0,0,0,0,0,0,0,9
2024-04-29 18:22:05,0,0,0,0,0,0,0,16
2024-04-29 18:22:06,0,0,0,0,0,0,0,25
2024-04-29 18:22:07,0,0,0,0,0,0,0,35
2024-04-29 18:22:08,0,0,0,0,0,0,0,46
2024-04-29 18:22:09,0,0,0,0,0,0,0,58
2024-04-29 18:22:10,0,0,0,0,0,0,0,71
2024-04-29 18:22:11,0,0,0,0,0,0,0,85
2024-04-29 18:22:12,0,0,0,0,0,0,0,100
2024-04-29 18:22:13,0,0,0,0,0,0,0,116
2024-04-29 18:22:14,0,0,0,0,0,0,0,133
2024-04-29 18:22:15,0,0,0,0,0,0,0,151
2024-04-29 18:22:16,0,0,0,0,0,0,0,170
2024-04-29 18:22:17,0,0,0,0,0,0,0,187
2024-04-29 18:22:18,0,0,0,0,0,0,0,203
2024-04-29 18:22:19,0,0,0,0,0,0,0,214
2024-04-29 18:22:20,0,0,0,0,0,0,0,222
2024-04-29 18:22:21,0,0,0,0,0,0,0,226
2024-04-29 18:22:22,0,0,0,0,0,0,0,227
2024-04-29 18:22:23,0,0,0,0,0,0,0,227
2024-04-29 18:22:24,0,0,0,0,0,0,0,227
2024-04-29 18:22:25,0,0,0,0,0,0,1,227
2024-04-29 18:22:26,0,0,0,0,0,0,4,227
2024-04-29 18:22:27,0,0,0,0,0,0,8,227
2024-04-29 18:22:28,0,0,0,0,0,0,14,227
2024-04-29 18:22:29,0,0,0,0,0,0,22,227
2024-04-29 18:22:30,0,0,0,0,0,0,32,227
2024-04-29 18:22:31,0,0,0,0,0,0,43,227
2024-04-29 18:22:32,0,0,0,0,0,0,55,227
2024-04-29 18:22:33,0,0,0,0,0,0,68,227
2024-04-29 18:22:34,0,0,0,0,0,0,81,227
2024-04-29 18:22:35,0,0,0,0,0,0,96,227
2024-04-29 18:22:36,0,0,0,0,0,0,112,227
2024-04-29 18:22:37,0,0,0,0,0,0,129,227
2024-04-29 18:22:38,0,0,0,0,0,0,147,227
2024-04-29 18:22:39,0,0,0,0,0,0,166,227
2024-04-29 18:22:40,0,0,0,0,0,0,186,227
2024-04-29 18:22:41,0,0,0,0,0,0,202,227
2024-04-29 18:22:42,0,0,0,0,0,0,214,227
2024-04-29 18:22:43,0,0,0,0,0,0,223,227
2024-04-29 18:22:44,0,0,0,0,0,0,229,227
2024-04-29 18:22:45,0,0,0,0,0,0,230,227
2024-04-29 18:22:46,0,0,0,0,0,0,230,227
2024-04-29 18:22:47,0,0,0,0,0,0,230,227
2024-04-29 18:22:48,0,0,0,0,0,0,230,227
2024-04-29 18:22:49,0,0,0,0,0,1,230,227
2024-04-29 18:22:50,0,0,0,0,0,3,230,227
2024-04-29 18:22:51,0,0,0,0,0,7,230,227
2024-04-29 18:22:52,0,0,0,0,0,13,230,227
2024-04-29 18:22:53,0,0,0,0,0,21,230,227
2024-04-29 18:22:54,0,0,0,0,0,31,230,227
2024-04-29 18:22:55,0,0,0,0,0,42,230,227
2024-04-29 18:22:56,0,0,0,0,0,54,230,227
2024-04-29 18:22:57,0,0,0,0,0,67,230,227
2024-04-29 18:22:58,0,0,0,0,0,81,230,227
2024-04-29 18:22:59,0,0,0,0,0,96,230,227
2024-04-29 18:23:00,0,0,0,0,0,112,230,227
2024-04-29 18:23:01,0,0,0,0,0,129,230,227
2024-04-29 18:23:02,0,0,0,0,0,147,230,227
2024-04-29 18:23:03,0,0,0,0,0,166,230,227
2024-04-29 18:23:04,0,0,0,0,0,184,230,227
2024-04-29 18:23:05,0,0,0,0,0,200,230,227
2024-04-29 18:23:06,0,0,0,0,0,211,230,227
2024-04-29 18:23:07,0,0,0,0,0,220,230,227
2024-04-29 18:23:08,0,0,0,0,0,226,230,227
2024-04-29 18:23:09,0,0,0,0,0,228,230,227
2024-04-29 18:23:10,0,0,0,0,0,228,230,227
2024-04-29 18:23:11,0,0,0,0,0,228,230,227
2024-04-29 18:23:12,0,0,0,0,0,228,230,227
2024-04-29 18:23:13,0,0,0,0,1,228,230,227
2024-04-29 18:23:14,0,0,0,0,4,228,230,227
2024-04-29 18:23:15,0,0,0,0,9,228,230,227
2024-04-29 18:23:16,0,0,0,0,15,228,230,227
2024-04-29 18:23:17,0,0,0,0,23,228,230,227
2024-04-29 18:23:18,0,0,0,0,33,228,230,227
2024-04-29 18:23:19,0,0,0,0,44,228,230,227
2024-04-29 18:23:20,0,0,0,0,56,228,230,227
2024-04-29 18:23:21,0,0,0,0,68,228,230,227
2024-04-29 18:23:22,0,0,0,0,81,228,230,227
2024-04-29 18:23:23,0,0,0,0,96,228,230,227
2024-04-29 18:23:24,0,0,0,0,112,228,230,227
2024-04-29 18:23:25,0,0,0,0,129,228,230,227
2024-04-29 18:23:26,0,0,0,0,147,228,230,227
2024-04-29 18:23:27,0,0,0,0,166,228,230,227
2024-04-29 18:23:28,0,0,0,0,185,228,230,227
2024-04-29 18:23:29,0,0,0,0,200,228,230,227
2024-04-29 18:23:30,0,0,0,0,212,228,230,227
2024-04-29 18:23:31,0,0,0,0,221,228,230,227
2024-04-29 18:23:32,0,0,0,0,226,228,230,227
2024-04-29 18:23:33,0,0,0,0,227,228,230,227
2024-04-29 18:23:34,0,0,0,0,227,228,230,227
2024-04-29 18:23:35,0,0,0,0,227,228,230,227
2024-04-29 18:23:36,0,0,0,0,227,228,230,227
2024-04-29 18:23:37,0,0,0,0,227,228,230,227
2024-04-29 18:23:38,0,0,0,2,227,228,230,227
2024-04-29 18:23:39,0,0,0,6,227,228,230,227
2024-04-29 18:23:40,0,0,0,12,227,228,230,227
2024-04-29 18:23:41,0,0,0,20,227,228,230,227
2024-04-29 18:23:42,0,0,0,29,227,228,230,227
2024-04-29 18:23:43,0,0,0,39,227,228,230,227
2024-04-29 18:23:44,0,0,0,50,227,228,230,227
2024-04-29 18:23:45,0,0,0,62,227,228,230,227
2024-04-29 18:23:46,0,0,0,74,227,228,230,227
2024-04-29 18:23:47,0,0,0,88,227,228,230,227
2024-04-29 18:23:48,0,0,0,101,227,228,230,227
2024-04-29 18:23:49,0,0,0,116,227,228,230,227
2024-04-29 18:23:50,0,0,0,132,227,228,230,227
2024-04-29 18:23:51,0,0,0,150,227,228,230,227
2024-04-29 18:23:52,0,0,0,169,227,228,230,227
2024-04-29 18:23:53,0,0,0,188,227,228,230,227
2024-04-29 18:23:54,0,0,0,203,227,228,230,227
2024-04-29 18:23:55,0,0,0,214,227,228,230,227
2024-04-29 18:23:56,0,0,0,220,227,228,230,227
2024-04-29 18:23:57,0,0,0,223,227,228,230,227
2024-04-29 18:23:58,0,0,0,223,227,228,230,227
2024-04-29 18:23:59,0,0,0,223,227,228,230,227
2024-04-29 18:24:00,0,0,0,223,227,228,230,227
2024-04-29 18:24:01,0,0,2,223,227,228,230,227
2024-04-29 18:24:02,0,0,5,223,227,228,230,227
2024-04-29 18:24:03,0,0,10,223,227,228,230,227
2024-04-29 18:24:04,0,0,17,223,227,228,230,227
2024-04-29 18:24:05,0,0,26,223,227,228,230,227
2024-04-29 18:24:06,0,0,36,223,227,228,230,227
2024-04-29 18:24:07,0,0,47,223,227,228,230,227
2024-04-29 18:24:08,0,0,59,223,227,228,230,227
2024-04-29 18:24:09,0,0,71,223,227,228,230,227
2024-04-29 18:24:10,0,0,84,223,227,228,230,227
2024-04-29 18:24:11,0,0,98,223,227,228,230,227
2024-04-29 18:24:12,0,0,113,223,227,228,230,227
2024-04-29 18:24:13,0,0,129,223,227,228,230,227
2024-04-29 18:24:14,0,0,147,223,227,228,230,227
2024-04-29 18:24:15,0,0,164,223,227,228,230,227
2024-04-29 18:24:16,0,0,184,223,227,228,230,227
2024-04-29 18:24:17,0,0,200,223,227,228,230,227
2024-04-29 18:24:18,0,0,211,223,227,228,230,227
2024-04-29 18:24:19,0,0,219,223,227,228,230,227
2024-04-29 18:24:20,0,0,223,223,227,228,230,227
2024-04-29 18:24:21,0,0,224,223,227,228,230,227
2024-04-29 18:24:22,0,0,224,223,227,228,230,227
2024-04-29 18:24:23,0,0,224,223,227,228,230,227
2024-04-29 18:24:24,0,2,224,223,227,228,230,227
2024-04-29 18:24:25,0,5,224,223,227,228,230,227
2024-04-29 18:24:26,0,10,224,223,227,228,230,227
2024-04-29 18:24:27,0,17,224,223,227,228,230,227
2024-04-29 18:24:28,0,26,224,223,227,228,230,227
2024-04-29 18:24:29,0,36,224,223,227,228,230,227
2024-04-29 18:24:30,0,47,224,223,227,228,230,227
2024-04-29 18:24:31,0,59,224,223,227,228,230,227
2024-04-29 18:24:32,0,72,224,223,227,228,230,227
2024-04-29 18:24:33,0,86,224,223,227,228,230,227
2024-04-29 18:24:34,0,101,224,223,227,228,230,227
2024-04-29 18:24:35,0,117,224,223,227,228,230,227
2024-04-29 18:24:36,0,134,224,223,227,228,230,227
2024-04-29 18:24:37,0,151,224,223,227,228,230,227
2024-04-29 18:24:38,0,168,224,223,227,228,230,227
2024-04-29 18:24:39,0,188,224,223,227,228,230,227
2024-04-29 18:24:40,0,203,224,223,227,228,230,227
2024-04-29 18:24:41,0,215,224,223,227,228,230,227
2024-04-29 18:24:42,0,223,224,223,227,228,230,227
2024-04-29 18:24:43,0,226,224,223,227,228,230,227
2024-04-29 18:24:44,0,227,224,223,227,228,230,227
2024-04-29 18:24:45,0,227,224,223,227,228,230,227
2024-04-29 18:24:46,0,227,224,223,227,228,230,227
2024-04-29 18:24:47,1,227,224,223,227,228,230,227
2024-04-29 18:24:48,4,227,224,223,227,228,230,227
2024-04-29 18:24:49,9,227,224,223,227,228,230,227
2024-04-29 18:24:50,16,227,224,223,227,228,230,227
2024-04-29 18:24:51,25,227,224,223,227,228,230,227
2024-04-29 18:24:52,35,227,224,223,227,228,230,227
2024-04-29 18:24:53,46,227,224,223,227,228,230,227
2024-04-29 18:24:54,58,227,224,223,227,228,230,227
2024-04-29 18:24:55,71,227,224,223,227,228,230,227
2024-04-29 18:24:56,85,227,224,223,227,228,230,227
2024-04-29 18:24:57,100,227,224,223,227,228,230,227
2024-04-29 18:24:58,116,227,224,223,227,228,230,227
2024-04-29 18:24:59,131,227,224,223,227,228,230,227
2024-04-29 18:25:00,148,227,224,223,227,228,230,227
2024-04-29 18:25:01,167,227,224,223,227,228,230,227
2024-04-29 18:25:02,185,227,224,223,227,228,230,227
2024-04-29 18:25:03,201,227,224,223,227,228,230,227
2024-04-29 18:25:04,211,227,224,223,227,228,230,227
2024-04-29 18:25:05,219,227,224,223,227,228,230,227
2024-04-29 18:25:06,223,227,224,223,227,228,230,227
2024-04-29 18:25:07,224,227,224,223,227,228,230,227
2024-04-29 18:25:08,224,227,224,223,227,228,230,227
2024-04-29 18:25:09,224,227,224,223,227,228,230,227
2024-04-29 18:25:10,224,227,224,223,227,228,230,227
2024-04-29 18:25:11,224,227,224,223,227,228,230,227
2024-04-29 18:25:12,224,227,224,223,227,228,230,227
2024-04-29 18:25:13,224,227,224,223,227,228,230,227
2024-04-29 18:25:14,224,227,224,223,227,228,230,227
2024-04-29 18:25:15,224,227,224,223,227,228,230,227
2024-04-29 18:25:16,224,227,224,223,227,228,230,227
2024-04-29 18:25:17,224,227,224,223,227,228,230,227
2024-04-29 18:25:18,224,227,224,223,227,228,230,227
2024-04-29 18:25:19,224,227,224,223,227,228,230,227
2024-04-29 18:25:20,224,227,224,223,227,228,230,227
2024-04-29 18:25:21,224,227,224,223,227,228,230,227
2024-04-29 18:25:22,224,227,224,223,227,228,230,227
2024-04-29 18:25:23,224,227,224,223,227,228,230,227
2024-04-29 18:25:24,224,227,224,223,227,228,230,227
2024-04-29 18:25:25,224,227,224,223,227,228,230,227
2024-04-29 18:25:26,224,227,224,223,227,228,230,227
2024-04-29 18:25:27,224,227,224,223,227,228,230,227
2024-04-29 18:25:28,224,227,224,223,227,228,230,227
2024-04-29 18:25:29,224,227,224,223,227,228,230,227
2024-04-29 18:25:30,224,227,224,223,227,228,230,227
2024-04-29 18:25:31,224,227,224,223,227,228,230,227
2024-04-29 18:25:32,224,227,224,223,227,228,230,227
2024-04-29 18:25:33,224,227,224,223,227,228,230,227
2024-04-29 18:25:34,224,227,224,223,227,228,230,227
2024-04-29 18:25:35,224,227,224,223,227,228,230,227
2024-04-29 18:25:36,224,227,224,223,227,228,230,227
2024-04-29 18:25:37,224,227,224,223,227,228,230,227
2024-04-29 18:25:38,224,227,224,223,227,228,230,227
2024-04-29 18:25:39,224,227,224,223,227,228,230,227
2024-04-29 18:25:40,224,227,224,223,227,228,230,227
2024-04-29 18:25:41,224,227,224,223,227,228,230,227
2024-04-29 18:25:42,224,227,224,223,227,228,230,227
2024-04-29 18:25:43,224,227,224,223,227,228,230,227
2024-04-29 18:25:44,224,227,224,223,227,228,230,227
2024-04-29 18:25:45,224,227,224,223,227,228,230,227
2024-04-29 18:25:46,224,227,224,223,227,228,230,227
2024-04-29 18:25:47,224,227,224,223,227,228,230,227
2024-04-29 18:25:48,224,227,224,223,227,228,230,227
2024-04-29 18:25:49,224,227,224,223,227,228,230,227
2024-04-29 18:25:50,224,227,224,223,227,228,230,227
2024-04-29 18:25:51,224,227,224,223,227,228,230,227
2024-04-29 18:25:52,224,227,224,223,227,228,230,227
2024-04-29 18:25:53,224,227,224,223,227,228,230,227
2024-04-29 18:25:54,224,227,224,223,227,228,230,227
2024-04-29 18:25:55,224,227,224,223,227,228,230,227
2024-04-29 18:25:56,224,227,224,223,227,228,230,227
2024-04-29 18:25:57,224,227,224,223,227,228,230,227
2024-04-29 18:25:58,224,227,224,223,227,228,230,227
2024-04-29 18:25:59,224,227,224,223,227,228,230,227
2024-04-29 18:26:00,224,227,224,223,227,228,230,227
2024-04-29 18:26:01,224,227,224,223,227,228,230,227
2024-04-29 18:26:02,224,227,224,223,227,228,230,227
2024-04-29 18:26:03,224,227,224,223,227,228,230,227
2024-04-29 18:26:04,224,227,224,223,227,228,230,227
2024-04-29 18:26:05,224,227,224,223,227,228,230,227
2024-04-29 18:26:06,224,227,224,223,227,228,230,227
2024-04-29 18:26:07,224,227,224,223,227,228,230,227
2024-04-29 18:26:08,224,227,224,223,227,228,230,227
2024-04-29 18:26:09,224,227,224,223,227,228,230,227
2024-04-29 18:26:10,224,227,224,223,227,228,230,227
2024-04-29 18:26:11,224,227,224,223,227,228,230,227
2024-04-29 18:26:12,224,227,224,223,227,228,230,227
2024-04-29 18:26:13,224,227,224,223,227,228,230,227
2024-04-29 18:26:14,224,227,224,223,227,228,230,227
2024-04-29 18:26:15,224,227,224,223,227,228,230,227
2024-04-29 18:26:16,224,227,224,223,227,228,230,227
2024-04-29 18:26:17,224,227,224,223,227,228,230,227
2024-04-29 18:26:18,224,227,224,223,227,228,230,227
2024-04-29 18:26:19,224,227,224,223,227,228,230,227
2024-04-29 18:26:20,224,227,224,223,227,228,230,227
2024-04-29 18:26:21,224,227,224,223,227,228,230,227
2024-04-29 18:26:22,224,227,224,223,227,228,230,227
2024-04-29 18:26:23,224,227,224,223,227,228,230,227
2024-04-29 18:26:24,224,227,224,223,227,228,230,227
2024-04-29 18:26:25,224,227,224,223,227,228,230,227
2024-04-29 18:26:26,224,227,224,223,227,228,230,227
2024-04-29 18:26:27,224,227,224,223,227,228,230,227
2024-04-29 18:26:28,224,227,224,223,227,228,230,227
2024-04-29 18:26:29,224,227,224,223,227,228,230,227
2024-04-29 18:26:30,224,227,224,223,227,228,230,227
2024-04-29 18:26:31,224,227,224,223,227,228,230,227
2024-04-29 18:26:32,224,227,224,223,227,228,230,227
2024-04-29 18:26:33,224,227,224,223,227,228,230,227
2024-04-29 18:26:34,224,227,224,223,227,228,230,227
2024-04-29 18:26:35,224,227,224,223,227,228,230,227
2024-04-29 18:26:36,224,227,224,223,227,228,230,227
2024-04-29 18:26:37,224,227,224,223,227,228,230,227
2024-04-29 18:26:38,224,227,224,223,227,228,230,227
2024-04-29 18:26:39,224,227,224,223,227,228,230,227
2024-04-29 18:26:40,224,227,224,223,227,228,230,227
2024-04-29 18:26:41,224,227,224,223,227,228,230,227
2024-04-29 18:26:42,224,227,224,223,227,228,230,227
2024-04-29 18:26:43,224,227,224,223,227,228,230,227
2024-04-29 18:26:44,224,227,224,223,227,228,230,227
2024-04-29 18:26:45,224,227,224,223,227,228,230,227
2024-04-29 18:26:46,224,227,224,223,227,228,230,227
2024-04-29 18:26:47,224,227,224,223,227,228,230,227
2024-04-29 18:26:48,224,227,224,223,227,228,230,227
2024-04-29 18:26:49,224,227,224,223,227,228,230,227
2024-04-29 18:26:50,224,227,224,223,227,228,230,227
2024-04-29 18:26:51,224,227,224,223,227,228,230,227
2024-04-29 18:26:52,224,227,224,223,227,228,230,227
2024-04-29 18:26:53,224,227,224,223,227,228,230,227
2024-04-29 18:26:54,224,227,224,223,227,228,230,227
2024-04-29 18:26:55,224,227,224,223,227,228,230,227
2024-04-29 18:26:56,224,227,224,223,227,228,230,227
2024-04-29 18:26:57,224,227,224,223,227,228,230,227
2024-04-29 18:26:58,224,227,224,223,227,228,230,227
2024-04-29 18:26:59,224,227,224,223,227,228,230,227
2024-04-29 18:27:00,224,227,224,223,227,228,230,227
2024-04-29 18:27:01,224,227,224,223,227,228,230,227
2024-04-29 18:27:02,224,227,224,223,227,228,230,227
2024-04-29 18:27:03,224,227,224,223,227,228,230,227
2024-04-29 18:27:04,224,227,224,223,227,228,230,227
2024-04-29 18:27:05,224,227,224,223,227,228,230,227
2024-04-29 18:27:06,224,227,224,223,227,228,230,227
2024-04-29 18:27:07,224,227,224,223,227,228,230,227
2024-04-29 18:27:08,224,227,224,223,227,228,230,227
2024-04-29 18:27:09,224,227,224,223,227,228,230,227
2024-04-29 18:27:10,224,227,224,223,227,228,230,227
2024-04-29 18:27:11,224,227,224,223,227,228,230,227
2024-04-29 18:27:12,224,227,224,223,227,228,230,227
2024-04-29 18:27:13,224,227,224,223,227,228,230,227
2024-04-29 18:27:14,224,227,224,223,227,228,230,227
2024-04-29 18:27:15,224,227,224,223,227,228,230,227
2024-04-29 18:27:16,224,227,224,223,227,228,230,227
2024-04-29 18:27:17,224,227,224,223,227,228,230,227
2024-04-29 18:27:18,224,227,224,223,227,228,230,227
2024-04-29 18:27:19,224,227,224,223,227,228,230,227
2024-04-29 18:27:20,224,227,224,223,227,228,230,227
2024-04-29 18:27:21,224,227,224,223,227,228,230,227
2024-04-29 18:27:22,224,227,224,223,227,228,230,227
2024-04-29 18:27:23,224,227,224,223,227,228,230,227
2024-04-29 18:27:24,224,227,224,223,227,228,230,227
2024-04-29 18:27:25,224,227,224,223,227,228,230,227
2024-04-29 18:27:26,224,227,224,223,227,228,230,227
2024-04-29 18:27:27,224,227,224,223,227,228,230,227
2024-04-29 18:27:28,224,227,224,223,227,228,230,227
2024-04-29 18:27:29,224,227,224,223,227,228,230,227
2024-04-29 18:27:30,224,227,224,223,227,228,230,227
2024-04-29 18:27:31,224,227,224,223,227,228,230,227
2024-04-29 18:27:32,224,227,224,223,227,228,230,227
2024-04-29 18:27:33,224,227,224,223,227,228,230,227
2024-04-29 18:27:34,224,227,224,223,227,228,230,227
2024-04-29 18:27:35,224,227,224,223,227,228,230,227
2024-04-29 18:27:36,224,227,224,223,227,228,230,227
2024-04-29 18:27:37,224,227,224,223,227,228,230,227
2024-04-29 18:27:38,224,227,224,223,227,228,230,227
2024-04-29 18:27:39,224,227,224,223,227,228,230,227
2024-04-29 18:27:40,224,227,224,223,227,228,230,227
2024-04-29 18:27:41,224,227,224,223,227,228,230,227
2024-04-29 18:27:42,224,227,224,223,227,228,230,227
2024-04-29 18:27:43,224,227,224,223,227,228,230,227
2024-04-29 18:27:44,224,227,224,223,227,228,230,227
2024-04-29 18:27:45,224,227,224,223,227,228,230,227
2024-04-29 18:27:46,224,227,224,223,227,228,230,227
2024-04-29 18:27:47,224,227,224,223,227,228,230,227
2024-04-29 18:27:48,224,227,224,223,227,228,230,227
2024-04-29 18:27:49,224,227,224,223,227,228,230,227
2024-04-29 18:27:50,224,227,224,223,227,228,230,227
2024-04-29 18:27:51,224,227,224,223,227,228,230,227
2024-04-29 18:27:52,224,227,224,223,227,228,230,227
2024-04-29 18:27:53,224,227,224,223,227,228,230,227
2024-04-29 18:27:54,224,227,224,223,227,228,230,227
2024-04-29 18:27:55,224,227,224,223,227,228,230,227
2024-04-29 18:27:56,224,227,224,223,227,228,230,227
2024-04-29 18:27:57,224,227,224,223,227,228,230,227
2024-04-29 18:27:58,224,227,224,223,227,228,230,227
2024-04-29 18:27:59,224,227,224,223,227,228,230,227
2024-04-29 18:28:00,224,227,224,223,227,228,230,227
2024-04-29 18:28:01,224,227,224,223,227,228,230,227
2024-04-29 18:28:02,224,227,224,223,227,228,230,227
2024-04-29 18:28:03,224,227,224,223,227,228,230,227
2024-04-29 18:28:04,224,227,224,223,227,228,230,227
2024-04-29 18:28:05,224,227,224,223,227,228,230,227
2024-04-29 18:28:06,224,227,224,223,227,228,230,227
2024-04-29 18:28:07,224,227,224,223,227,228,230,227
2024-04-29 18:28:08,224,227,224,223,227,228,230,227
2024-04-29 18:28:09,224,227,224,223,227,228,230,227
2024-04-29 18:28:10,224,227,224,223,227,228,230,227
2024-04-29 18:28:11,224,227,224,223,227,228,230,227
2024-04-29 18:28:12,224,227,224,223,227,228,230,227
2024-04-29 18:28:13,224,227,224,223,227,228,230,227
2024-04-29 18:28:14,224,227,224,223,227,228,230,227
2024-04-29 18:28:15,224,227,224,223,227,228,230,227
2024-04-29 18:28:16,224,227,224,223,227,228,230,227
2024-04-29 18:28:17,224,227,224,223,227,228,230,227
2024-04-29 18:28:18,224,227,224,223,227,228,230,227
2024-04-29 18:28:19,224,227,224,223,227,228,230,227
2024-04-29 18:28:20,224,227,224,223,227,228,230,227
2024-04-29 18:28:21,224,227,224,223,227,228,230,227
2024-04-29 18:28:22,224,227,224,223,227,228,230,227
2024-04-29 18:28:23,224,227,224,223,227,228,230,227
2024-04-29 18:28:24,224,227,224,223,227,228,230,227
2024-04-29 18:28:25,224,227,224,223,227,228,230,227
2024-04-29 18:28:26,224,227,224,223,227,228,230,227
2024-04-29 18:28:27,224,227,224,223,227,228,230,227
2024-04-29 18:28:28,224,227,224,223,227,228,230,227
2024-04-29 18:28:29,224,227,224,223,227,228,230,227
2024-04-29 18:28:30,224,227,224,223,227,228,230,227
2024-04-29 18:28:31,224,227,224,223,227,228,230,227
2024-04-29 18:28:32,224,227,224,223,227,228,230,227
2024-04-29 18:28:33,224,227,224,223,227,228,230,227
2024-04-29 18:28:34,224,227,224,223,227,228,230,227
2024-04-29 18:28:35,224,227,224,223,227,228,230,227
2024-04-29 18:28:36,224,227,224,223,227,228,230,227
2024-04-29 18:28:37,224,227,224,223,227,228,230,227
2024-04-29 18:28:38,224,227,224,223,227,228,230,227
2024-04-29 18:28:39,224,227,224,223,227,228,230,227
2024-04-29 18:28:40,224,227,224,223,227,228,230,227
2024-04-29 18:28:41,224,227,224,223,227,228,230,227
2024-04-29 18:28:42,224,227,224,223,227,228,230,227
2024-04-29 18:28:43,224,227,224,223,227,228,230,227
2024-04-29 18:28:44,224,227,224,223,227,228,230,227
2024-04-29 18:28:45,224,227,224,223,227,228,230,227
2024-04-29 18:28:46,224,227,224,223,227,228,230,227
2024-04-29 18:28:47,224,227,224,223,227,228,230,227
2024-04-29 18:28:48,224,227,224,223,227,228,230,227
2024-04-29 18:28:49,224,227,224,223,227,228,230,227
2024-04-29 18:28:50,224,227,224,223,227,228,230,227
2024-04-29 18:28:51,224,227,224,223,227,228,230,227
2024-04-29 18:28:52,224,227,224,223,227,228,230,227
2024-04-29 18:28:53,224,227,224,223,227,228,230,227
2024-04-29 18:28:54,224,227,224,223,227,228,230,227
2024-04-29 18:28:55,224,227,224,223,227,228,230,227
2024-04-29 18:28:56,224,227,224,223,227,228,230,227
2024-04-29 18:28:57,224,227,224,223,227,228,230,227
2024-04-29 18:28:58,224,227,224,223,227,228,230,227
2024-04-29 18:28:59,224,227,224,223,227,228,230,227
2024-04-29 18:29:00,224,227,224,223,227,228,230,227
2024-04-29 18:29:01,224,227,224,223,227,228,230,227
2024-04-29 18:29:02,224,227,224,223,227,228,230,227
2024-04-29 18:29:03,224,227,224,223,227,228,230,227
2024-04-29 18:29:04,224,227,224,223,227,228,230,227
2024-04-29 18:29:05,224,227,224,223,227,228,230,227
2024-04-29 18:29:06,224,227,224,223,227,228,230,227
2024-04-29 18:29:07,224,227,224,223,227,228,230,227
2024-04-29 18:29:08,224,227,224,223,227,228,230,227
2024-04-29 18:29:09,224,227,224,223,227,228,230,227
2024-04-29 18:29:10,224,227,224,223,227,228,230,227
2024-04-29 18:29:11,224,227,224,223,227,228,230,227
2024-04-29 18:29:12,224,227,224,223,227,228,230,227
2024-04-29 18:29:13,224,227,224,223,227,228,230,227
2024-04-29 18:29:14,224,227,224,223,227,228,230,227
2024-04-29 18:29:15,224,227,224,223,227,228,230,227
2024-04-29 18:29:16,224,227,224,223,227,228,230,227
2024-04-29 18:29:17,224,227,224,223,227,228,230,227
2024-04-29 18:29:18,224,227,224,223,227,228,230,227
2024-04-29 18:29:19,224,227,224,223,227,228,230,227
2024-04-29 18:29:20,224,227,224,223,227,228,230,227
2024-04-29 18:29:21,224,227,224,223,227,228,230,227
2024-04-29 18:29:22,224,227,224,223,227,228,230,227
2024-04-29 18:29:23,224,227,224,223,227,228,230,227
2024-04-29 18:29:24,224,227,224,223,227,228,230,227
2024-04-29 18:29:25,224,227,224,223,227,228,230,227
2024-04-29 18:29:26,224,227,224,223,227,228,230,227
2024-04-29 18:29:27,224,227,224,223,227,228,230,227
2024-04-29 18:29:28,224,227,224,223,227,228,230,227
2024-04-29 18:29:29,224,227,224,223,227,228,230,227
2024-04-29 18:29:30,224,227,224,223,227,228,230,227
2024-04-29 18:29:31,224,227,224,223,227,228,230,227
2024-04-29 18:29:32,224,227,224,223,227,228,230,227
2024-04-29 18:29:33,224,227,224,223,227,228,230,227
2024-04-29 18:29:34,224,227,224,223,227,228,230,227
2024-04-29 18:29:35,224,227,224,223,227,228,230,227
2024-04-29 18:29:36,224,227,224,223,227,228,230,227
2024-04-29 18:29:37,224,227,224,223,227,228,230,227
2024-04-29 18:29:38,224,227,224,223,227,228,230,227
2024-04-29 18:29:39,224,227,224,223,227,228,230,227
2024-04-29 18:29:40,224,227,224,223,227,228,230,227
2024-04-29 18:29:41,224,227,224,223,227,228,230,227
2024-04-29 18:29:42,224,227,224,223,227,228,230,227
2024-04-29 18:29:43,224,227,224,223,227,228,230,227
2024-04-29 18:29:44,224,227,224,223,227,228,230,227
2024-04-29 18:29:45,224,227,224,223,227,228,230,227
2024-04-29 18:29:46,224,227,224,223,227,228,230,227
2024-04-29 18:29:47,224,227,224,223,227,228,230,227
2024-04-29 18:29:48,224,227,224,223,227,228,230,227
2024-04-29 18:29:49,224,227,224,223,227,228,230,227
2024-04-29 18:29:50,224,227,224,223,227,228,230,227
2024-04-29 18:29:51,224,227,224,223,227,228,230,227
2024-04-29 18:29:52,224,227,224,223,227,228,230,227
2024-04-29 18:29:53,224,227,224,223,227,228,230,227
2024-04-29 18:29:54,224,227,224,223,227,228,230,227
2024-04-29 18:29:55,224,227,224,223,227,228,230,227
2024-04-29 18:29:56,224,227,224,223,227,228,230,227
2024-04-29 18:29:57,224,227,224,223,227,228,230,227
2024-04-29 18:29:58,224,227,224,223,227,228,230,227
2024-04-29 18:29:59,224,227,224,223,227,228,230,227
2024-04-29 18:30:00,224,227,224,223,227,228,230,227
2024-04-29 18:30:01,224,227,224,223,227,228,230,227
2024-04-29 18:30:02,224,227,224,223,227,228,230,227
2024-04-29 18:30:03,224,227,224,223,227,228,230,227
2024-04-29 18:30:04,224,227,224,223,227,228,230,227
2024-04-29 18:30:05,224,227,224,223,227,228,230,227
2024-04-29 18:30:06,224,227,224,223,227,228,230,227
2024-04-29 18:30:07,224,227,224,223,227,228,230,227
2024-04-29 18:30:08,224,227,224,223,227,228,230,227
2024-04-29 18:30:09,224,227,224,223,227,228,230,227
2024-04-29 18:30:10,224,227,224,223,227,228,230,227
2024-04-29 18:30:11,224,227,224,223,227,228,230,227
2024-04-29 18:30:12,224,227,224,223,227,228,230,227
2024-04-29 18:30:13,224,227,224,223,227,228,230,227
2024-04-29 18:30:14,224,227,224,223,227,228,230,227
2024-04-29 18:30:15,224,227,224,223,227,228,230,227
2024-04-29 18:30:16,224,227,224,223,227,228,230,227
2024-04-29 18:30:17,224,227,224,223,227,228,230,227
2024-04-29 18:30:18,224,227,224,223,227,228,230,227
2024-04-29 18:30:19,224,227,224,223,227,228,230,227
2024-04-29 18:30:20,224,227,224,223,227,228,230,227
2024-04-29 18:30:21,224,227,224,223,227,228,230,227
2024-04-29 18:30:22,224,227,224,223,227,228,230,227
2024-04-29 18:30:23,224,227,224,223,227,228,230,227
2024-04-29 18:30:24,224,227,224,223,227,228,230,227
2024-04-29 18:30:25,224,227,224,223,227,228,230,227
2024-04-29 18:30:26,224,227,224,223,227,228,230,227
2024-04-29 18:30:27,224,227,224,223,227,228,230,227
2024-04-29 18:30:28,224,227,224,223,227,228,230,227
2024-04-29 18:30:29,224,227,224,223,227,228,230,227
2024-04-29 18:30:30,224,227,224,223,227,228,230,227
2024-04-29 18:30:31,224,227,224,223,227,228,230,227
2024-04-29 18:30:32,224,227,224,223,227,228,230,227
2024-04-29 18:30:33,224,227,224,223,227,228,230,227
2024-04-29 18:30:34,224,227,224,223,227,228,230,227
2024-04-29 18:30:35,224,227,224,223,227,228,230,227
2024-04-29 18:30:36,224,227,224,223,227,228,230,227
2024-04-29 18:30:37,224,227,224,223,227,228,230,227
2024-04-29 18:30:38,224,227,224,223,227,228,230,227
2024-04-29 18:30:39,224,227,224,223,227,228,230,227
2024-04-29 18:30:40,224,227,224,223,227,228,230,227
2024-04-29 18:30:41,224,227,224,223,227,228,230,227
2024-04-29 18:30:42,224,227,224,223,227,228,230,227
2024-04-29 18:30:43,224,227,224,223,227,228,230,227
2024-04-29 18:30:44,224,227,224,223,227,228,230,227
2024-04-29 18:30:45,224,227,224,223,227,228,230,227
2024-04-29 18:30:46,224,227,224,223,227,228,230,227
2024-04-29 18:30:47,224,227,224,223,227,228,230,227
2024-04-29 18:30:48,224,227,224,223,227,228,230,227
2024-04-29 18:30:49,224,227,224,223,227,228,230,227
2024-04-29 18:30:50,224,227,224,223,227,228,230,227
2024-04-29 18:30:51,224,227,224,223,227,228,230,227
2024-04-29 18:30:52,224,227,224,223,227,228,230,227
2024-04-29 18:30:53,224,227,224,223,227,228,230,227
2024-04-29 18:30:54,224,227,224,223,227,228,230,227
2024-04-29 18:30:55,224,227,224,223,227,228,230,227
2024-04-29 18:30:56,224,227,224,223,227,228,230,227
2024-04-29 18:30:57,224,227,224,223,227,228,230,227
2024-04-29 18:30:58,224,227,224,223,227,228,230,227
2024-04-29 18:30:59,224,227,224,223,227,228,230,227
2024-04-29 18:31:00,224,227,224,223,227,228,230,227
2024-04-29 18:31:01,224,227,224,223,227,228,230,227
2024-04-29 18:31:02,224,227,224,223,227,228,230,227
2024-04-29 18:31:03,224,227,224,223,227,228,230,227
2024-04-29 18:31:04,224,227,224,223,227,228,230,227
2024-04-29 18:31:05,224,227,224,223,227,228,230,227
2024-04-29 18:31:06,224,227,224,223,227,228,230,227
2024-04-29 18:31:07,224,227,224,223,227,228,230,227
2024-04-29 18:31:08,224,227,224,223,227,228,230,227
2024-04-29 18:31:09,224,227,224,223,227,228,230,227
2024-04-29 18:31:10,224,227,224,223,227,228,230,227
2024-04-29 18:31:11,224,227,224,223,227,228,230,227
2024-04-29 18:31:12,224,227,224,223,227,228,230,227
2024-04-29 18:31:13,224,227,224,223,227,228,230,227
2024-04-29 18:31:14,224,227,224,223,227,228,230,227
2024-04-29 18:31:15,224,227,224,223,227,228,230,227
2024-04-29 18:31:16,224,227,224,223,227,228,230,227
2024-04-29 18:31:17,224,227,224,223,227,228,230,227
2024-04-29 18:31:18,224,227,224,223,227,228,230,227
2024-04-29 18:31:19,224,227,224,223,227,228,230,227
2024-04-29 18:31:20,224,227,224,223,227,228,230,227
2024-04-29 18:31:21,224,227,224,223,227,228,230,227
2024-04-29 18:31:22,224,227,224,223,227,228,230,227
2024-04-29 18:31:23,224,227,224,223,227,228,230,227
2024-04-29 18:31:24,224,227,224,223,227,228,230,227
2024-04-29 18:31:25,224,227,224,223,227,228,230,227
2024-04-29 18:31:26,224,227,224,223,227,228,230,227
2024-04-29 18:31:27,224,227,224,223,227,228,230,227
2024-04-29 18:31:28,224,227,224,223,227,228,230,227
2024-04-29 18:31:29,224,227,224,223,227,228,230,227
2024-04-29 18:31:30,224,227,224,223,227,228,230,227
2024-04-29 18:31:31,224,227,224,223,227,228,230,227
2024-04-29 18:31:32,224,227,224,223,227,228,230,227
2024-04-29 18:31:33,224,227,224,223,227,228,230,227
2024-04-29 18:31:34,224,227,224,223,227,228,230,227
2024-04-29 18:31:35,224,227,224,223,227,228,230,227
2024-04-29 18:31:36,224,227,224,223,227,228,230,227
2024-04-29 18:31:37,224,227,224,223,227,228,230,227
2024-04-29 18:31:38,224,227,224,223,227,228,230,227
2024-04-29 18:31:39,224,227,224,223,227,228,230,227
2024-04-29 18:31:40,224,227,224,223,227,228,230,227
2024-04-29 18:31:41,224,227,224,223,227,228,230,227
2024-04-29 18:31:42,224,227,224,223,227,228,230,227
2024-04-29 18:31:43,224,227,224,223,227,228,230,227
2024-04-29 18:31:44,224,227,224,223,227,228,230,227
2024-04-29 18:31:45,224,227,224,223,227,228,230,227
2024-04-29 18:31:46,224,227,224,223,227,228,230,227
2024-04-29 18:31:47,224,227,224,223,227,228,230,227
2024-04-29 18:31:48,224,227,224,223,227,228,230,227
2024-04-29 18:31:49,224,227,224,223,227,228,230,227
2024-04-29 18:31:50,224,227,224,223,227,228,230,227
2024-04-29 18:31:51,224,227,224,223,227,228,230,227
2024-04-29 18:31:52,224,227,224,223,227,228,230,227
2024-04-29 18:31:53,224,227,224,223,227,228,230,227
2024-04-29 18:31:54,224,227,224,223,227,228,230,227
2024-04-29 18:31:55,224,227,224,223,227,228,230,227
2024-04-29 18:31:56,224,227,224,223,227,228,230,227
2024-04-29 18:31:57,224,227,224,223,227,228,230,227
2024-04-29 18:31:58,224,227,224,223,227,228,230,227
2024-04-29 18:31:59,224,227,224,223,227,228,230,227
2024-04-29 18:32:00,224,227,224,223,227,228,230,227
2024-04-29 18:32:01,224,227,224,223,227,228,230,227
2024-04-29 18:32:02,224,227,224,223,227,228,230,227
2024-04-29 18:32:03,224,227,224,223,227,228,230,227
2024-04-29 18:32:04,224,227,224,223,227,228,230,227
2024-04-29 18:32:05,224,227,224,223,227,228,230,227
2024-04-29 18:32:06,224,227,224,223,227,228,230,227
2024-04-29 18:32:07,224,227,224,223,227,228,230,227
2024-04-29 18:32:08,224,227,224,223,227,228,230,227
2024-04-29 18:32:09,224,227,224,223,227,228,230,227
2024-04-29 18:32:10,224,227,224,223,227,228,230,227
2024-04-29 18:32:11,224,227,224,223,227,228,230,227
2024-04-29 18:32:12,224,227,224,223,227,228,230,227
2024-04-29 18:32:13,224,227,224,223,227,228,230,227
2024-04-29 18:32:14,224,227,224,223,227,228,230,227
2024-04-29 18:32:15,224,227,224,223,227,228,230,227
2024-04-29 18:32:16,224,227,224,223,227,228,230,227
2024-04-29 18:32:17,224,227,224,223,227,228,230,227
2024-04-29 18:32:18,224,227,224,223,227,228,230,227
2024-04-29 18:32:19,224,227,224,223,227,228,230,227
2024-04-29 18:32:20,224,227,224,223,227,228,230,227
2024-04-29 18:32:21,224,227,224,223,227,228,230,227
2024-04-29 18:32:22,224,227,224,223,227,228,230,227
2024-04-29 18:32:23,224,227,224,223,227,228,230,227
2024-04-29 18:32:24,224,227,224,223,227,228,230,227
2024-04-29 18:32:25,224,227,224,223,227,228,230,227
2024-04-29 18:32:26,224,227,224,223,227,228,230,227
2024-04-29 18:32:27,224,227,224,223,227,228,230,227
2024-04-29 18:32:28,224,227,224,223,227,228,230,227
2024-04-29 18:32:29,224,227,224,223,227,228,230,227
2024-04-29 18:32:30,224,227,224,223,227,228,230,227
2024-04-29 18:32:31,224,227,224,223,227,228,230,227
2024-04-29 18:32:32,224,227,224,223,227,228,230,227
2024-04-29 18:32:33,224,227,224,223,227,228,230,227
2024-04-29 18:32:34,224,227,224,223,227,228,230,227
2024-04-29 18:32:35,224,227,224,223,227,228,230,227
2024-04-29 18:32:36,224,227,224,223,227,228,230,227
2024-04-29 18:32:37,224,227,224,223,227,228,230,227
2024-04-29 18:32:38,224,227,224,223,227,228,230,227
2024-04-29 18:32:39,224,227,224,223,227,228,230,227
2024-04-29 18:32:40,224,227,224,223,227,228,230,227
2024-04-29 18:32:41,224,227,224,223,227,228,230,227
2024-04-29 18:32:42,224,227,224,223,227,228,230,227
2024-04-29 18:32:43,224,227,224,223,227,228,230,227
2024-04-29 18:32:44,224,227,224,223,227,228,230,227
2024-04-29 18:32:45,224,227,224,223,227,228,230,227
2024-04-29 18:32:46,224,227,224,223,227,228,230,227
2024-04-29 18:32:47,224,227,224,223,227,228,230,227
2024-04-29 18:32:48,224,227,224,223,227,228,230,227
2024-04-29 18:32:49,224,227,224,223,227,228,230,227
2024-04-29 18:32:50,224,227,224,223,227,228,230,227
2024-04-29 18:32:51,224,227,224,223,227,228,230,227
2024-04-29 18:32:52,224,227,224,223,227,228,230,227
2024-04-29 18:32:53,224,227,224,223,227,228,230,227
2024-04-29 18:32:54,224,227,224,223,227,228,230,227
2024-04-29 18:32:55,224,227,224,223,227,228,230,227
2024-04-29 18:32:56,224,227,224,223,227,228,230,227
2024-04-29 18:32:57,224,227,224,223,227,228,230,227
2024-04-29 18:32:58,224,227,224,223,227,228,230,227
2024-04-29 18:32:59,224,227,224,223,227,228,230,227
2024-04-29 18:33:00,224,227,224,223,227,228,230,227
2024-04-29 18:33:01,224,227,224,223,227,228,230,227
2024-04-29 18:33:02,224,227,224,223,227,228,230,227
2024-04-29 18:33:03,224,227,224,223,227,228,230,227
2024-04-29 18:33:04,224,227,224,223,227,228,230,227
2024-04-29 18:33:05,224,227,224,223,227,228,230,227
2024-04-29 18:33:06,224,227,224,223,227,228,230,227
2024-04-29 18:33:07,224,227,224,223,227,228,230,227
2024-04-29 18:33:08,224,227,224,223,227,228,230,227
2024-04-29 18:33:09,224,227,224,223,227,228,230,227
2024-04-29 18:33:10,224,227,224,223,227,228,230,227
2024-04-29 18:33:11,224,227,224,223,227,228,230,227
2024-04-29 18:33:12,224,227,224,223,227,228,230,227
2024-04-29 18:33:13,224,227,224,223,227,228,230,227
2024-04-29 18:33:14,224,227,224,223,227,228,230,227
2024-04-29 18:33:15,224,227,224,223,227,228,230,227
2024-04-29 18:33:16,224,227,224,223,227,228,230,227
2024-04-29 18:33:17,224,227,224,223,227,228,230,227
2024-04-29 18:33:18,224,227,224,223,227,228,230,227
2024-04-29 18:33:19,224,227,224,223,227,228,230,227
2024-04-29 18:33:20,224,227,224,223,227,228,230,227
2024-04-29 18:33:21,224,227,224,223,227,228,230,227
2024-04-29 18:33:22,224,227,224,223,227,228,230,227
2024-04-29 18:33:23,224,227,224,223,227,228,230,227
2024-04-29 18:33:24,224,227,224,223,227,228,230,227
2024-04-29 18:33:25,224,227,224,223,227,228,230,227
2024-04-29 18:33:26,224,227,224,223,227,228,230,227
2024-04-29 18:33:27,224,227,224,223,227,228,230,227
2024-04-29 18:33:28,224,227,224,223,227,228,230,227
2024-04-29 18:33:29,224,227,224,223,227,228,230,227
2024-04-29 18:33:30,224,227,224,223,227,228,230,227
2024-04-29 18:33:31,224,227,224,223,227,228,230,227
2024-04-29 18:33:32,224,227,224,223,227,228,230,227
2024-04-29 18:33:33,224,227,224,223,227,228,230,227
2024-04-29 18:33:34,224,227,224,223,227,228,230,227
2024-04-29 18:33:35,224,227,224,223,227,228,230,227
2024-04-29 18:33:36,224,227,224,223,227,228,230,227
2024-04-29 18:33:37,224,227,224,223,227,228,230,227
2024-04-29 18:33:38,224,227,224,223,227,228,230,227
2024-04-29 18:33:39,224,227,224,223,227,228,230,227
2024-04-29 18:33:40,224,227,224,223,227,228,230,227
2024-04-29 18:33:41,224,227,224,223,227,228,230,227
2024-04-29 18:33:42,224,227,224,223,227,228,230,227
2024-04-29 18:33:43,224,227,224,223,227,228,230,227
2024-04-29 18:33:44,224,227,224,223,227,228,230,227
2024-04-29 18:33:45,224,227,224,223,227,228,230,227
2024-04-29 18:33:46,224,227,224,223,227,228,230,227
2024-04-29 18:33:47,224,227,224,223,227,228,230,227
2024-04-29 18:33:48,224,227,224,223,227,228,230,227
2024-04-29 18:33:49,224,227,224,223,227,228,230,227
2024-04-29 18:33:50,224,227,224,223,227,228,230,227
2024-04-29 18:33:51,224,227,224,223,227,228,230,227
2024-04-29 18:33:52,224,227,224,223,227,228,230,227
2024-04-29 18:33:53,224,227,224,223,227,228,230,227
2024-04-29 18:33:54,224,227,224,223,227,228,230,227
2024-04-29 18:33:55,224,227,224,223,227,228,230,227
2024-04-29 18:33:56,224,227,224,223,227,228,230,227
2024-04-29 18:33:57,224,227,224,223,227,228,230,227
2024-04-29 18:33:58,224,227,224,223,227,228,230,227
2024-04-29 18:33:59,224,227,224,223,227,228,230,227
2024-04-29 18:34:00,224,227,224,223,227,228,230,227
2024-04-29 18:34:01,224,227,224,223,227,228,230,227
2024-04-29 18:34:02,224,227,224,223,227,228,230,227
2024-04-29 18:34:03,224,227,224,223,227,228,230,227
2024-04-29 18:34:04,224,227,224,223,227,228,230,227
2024-04-29 18:34:05,224,227,224,223,227,228,230,227
2024-04-29 18:34:06,224,227,224,223,227,228,230,227
2024-04-29 18:34:07,224,227,224,223,227,228,230,227
2024-04-29 18:34:08,224,227,224,223,227,228,230,227
2024-04-29 18:34:09,224,227,224,223,227,228,230,227
2024-04-29 18:34:10,224,227,224,223,227,228,230,227
2024-04-29 18:34:11,224,227,224,223,227,228,230,227
2024-04-29 18:34:12,224,227,224,223,227,228,230,227
2024-04-29 18:34:13,224,227,224,223,227,228,230,227
2024-04-29 18:34:14,224,227,224,223,227,228,230,227
2024-04-29 18:34:15,224,227,224,223,227,228,230,227
2024-04-29 18:34:16,224,227,224,223,227,228,230,227
2024-04-29 18:34:17,224,227,224,223,227,228,230,227
2024-04-29 18:34:18,224,227,224,223,227,228,230,227
2024-04-29 18:34:19,224,227,224,223,227,228,230,227
2024-04-29 18:34:20,224,227,224,223,227,228,230,227
2024-04-29 18:34:21,224,227,224,223,227,228,230,227
2024-04-29 18:34:22,224,227,224,223,227,228,230,227
2024-04-29 18:34:23,224,227,224,223,227,228,230,227
2024-04-29 18:34:24,224,227,224,223,227,228,230,227
2024-04-29 18:34:25,224,227,224,223,227,228,230,227
2024-04-29 18:34:26,224,227,224,223,227,228,230,227
2024-04-29 18:34:27,224,227,224,223,227,228,230,227
2024-04-29 18:34:28,224,227,224,223,227,228,230,227
2024-04-29 18:34:29,224,227,224,223,227,228,230,227
2024-04-29 18:34:30,224,227,224,223,227,228,230,227
2024-04-29 18:34:31,224,227,224,223,227,228,230,227
2024-04-29 18:34:32,224,227,224,223,227,228,230,227
2024-04-29 18:34:33,224,227,224,223,227,228,230,227
2024-04-29 18:34:34,224,227,224,223,227,228,230,227
2024-04-29 18:34:35,224,227,224,223,227,228,230,227
2024-04-29 18:34:36,224,227,224,223,227,228,230,227
2024-04-29 18:34:37,224,227,224,223,227,228,230,227
2024-04-29 18:34:38,224,227,224,223,227,228,230,227
2024-04-29 18:34:39,224,227,224,223,227,228,230,227
2024-04-29 18:34:40,224,227,224,223,227,228,230,227
2024-04-29 18:34:41,224,227,224,223,227,228,230,227
2024-04-29 18:34:42,224,227,224,223,227,228,230,227
2024-04-29 18:34:43,224,227,224,223,227,228,230,227
2024-04-29 18:34:44,224,227,224,223,227,228,230,227
2024-04-29 18:34:45,224,227,224,223,227,228,230,227
2024-04-29 18:34:46,224,227,224,223,227,228,230,227
2024-04-29 18:34:47,224,227,224,223,227,228,230,227
2024-04-29 18:34:48,224,227,224,223,227,228,230,227
2024-04-29 18:34:49,224,227,224,223,227,228,230,227
2024-04-29 18:34:50,224,227,224,223,227,228,230,227
2024-04-29 18:34:51,224,227,224,223,227,228,230,227
2024-04-29 18:34:52,224,227,224,223,227,228,230,227
2024-04-29 18:34:53,224,227,224,223,227,228,230,227
2024-04-29 18:34:54,224,227,224,223,227,228,230,227
2024-04-29 18:34:55,224,227,224,223,227,228,230,227
2024-04-29 18:34:56,224,227,224,223,227,228,230,227
2024-04-29 18:34:57,224,227,224,223,227,228,230,227
2024-04-29 18:34:58,224,227,224,223,227,228,230,227
2024-04-29 18:34:59,224,227,224,223,227,228,230,227
2024-04-29 18:35:00,224,227,224,223,227,228,230,227
2024-04-29 18:35:01,224,227,224,223,227,228,230,227
2024-04-29 18:35:02,224,227,224,223,227,228,230,227
2024-04-29 18:35:03,224,227,224,223,227,228,230,227
2024-04-29 18:35:04,224,227,224,223,227,228,230,227
2024-04-29 18:35:05,224,227,224,223,227,228,230,227
2024-04-29 18:35:06,224,227,224,223,227,228,230,227
2024-04-29 18:35:07,224,227,224,223,227,228,230,227
2024-04-29 18:35:08,224,227,224,223,227,228,230,227
2024-04-29 18:35:09,224,227,224,223,227,228,230,227
2024-04-29 18:35:10,224,227,224,223,227,228,230,227
2024-04-29 18:35:11,224,227,224,223,227,228,230,227
2024-04-29 18:35:12,224,227,224,223,227,228,230,227
2024-04-29 18:35:13,224,227,224,223,227,228,230,227
2024-04-29 18:35:14,224,227,224,223,227,228,230,227
2024-04-29 18:35:15,224,227,224,223,227,228,230,227
2024-04-29 18:35:16,224,227,224,223,227,228,230,227
2024-04-29 18:35:17,224,227,224,223,227,228,230,227
2024-04-29 18:35:18,224,227,224,223,227,228,230,227
2024-04-29 18:35:19,224,227,224,223,227,228,230,227
2024-04-29 18:35:20,224,227,224,223,227,228,230,227
2024-04-29 18:35:21,224,227,224,223,227,228,230,227
2024-04-29 18:35:22,224,227,224,223,227,228,230,227
2024-04-29 18:35:23,224,227,224,223,227,228,230,227
2024-04-29 18:35:24,224,227,224,223,227,228,230,227
2024-04-29 18:35:25,224,227,224,223,227,228,230,227
2024-04-29 18:35:26,224,227,224,223,227,228,230,227
2024-04-29 18:35:27,224,227,224,223,227,228,230,227
2024-04-29 18:35:28,224,227,224,223,227,228,230,227
2024-04-29 18:35:29,224,227,224,223,227,228,230,227
2024-04-29 18:35:30,224,227,224,223,227,228,230,227
2024-04-29 18:35:31,224,227,224,223,227,228,230,227
2024-04-29 18:35:32,224,227,224,223,227,228,230,227
2024-04-29 18:35:33,224,227,224,223,227,228,230,227
2024-04-29 18:35:34,224,227,224,223,227,228,230,227
2024-04-29 18:35:35,224,227,224,223,227,228,230,227
2024-04-29 18:35:36,224,227,224,223,227,228,230,227
2024-04-29 18:35:37,224,227,224,223,227,228,230,227
2024-04-29 18:35:38,224,227,224,223,227,228,230,227
2024-04-29 18:35:39,224,227,224,223,227,228,230,227
2024-04-29 18:35:40,224,227,224,223,227,228,230,227
2024-04-29 18:35:41,224,227,224,223,227,228,230,227
2024-04-29 18:35:42,224,227,224,223,227,228,230,227
2024-04-29 18:35:43,224,227,224,223,227,228,230,227
2024-04-29 18:35:44,224,227,224,223,227,228,230,227
2024-04-29 18:35:45,224,227,224,223,227,228,230,227
2024-04-29 18:35:46,224,227,224,223,227,228,230,227
2024-04-29 18:35:47,224,227,224,223,227,228,230,227
2024-04-29 18:35:48,224,227,224,223,227,228,230,227
2024-04-29 18:35:49,224,227,224,223,227,228,230,227
2024-04-29 18:35:50,224,227,224,223,227,228,230,227
2024-04-29 18:35:51,224,227,224,223,227,228,230,227
2024-04-29 18:35:52,224,227,224,223,227,228,230,227
2024-04-29 18:35:53,224,227,224,223,227,228,230,227
2024-04-29 18:35:54,224,227,224,223,227,228,230,227
2024-04-29 18:35:55,224,227,224,223,227,228,230,227
2024-04-29 18:35:56,224,227,224,223,227,228,230,227
2024-04-29 18:35:57,224,227,224,223,227,228,230,227
2024-04-29 18:35:58,224,227,224,223,227,228,230,227
2024-04-29 18:35:59,224,227,224,223,227,228,230,227
2024-04-29 18:36:00,224,227,224,223,227,228,230,227
2024-04-29 18:36:01,224,227,224,223,227,228,230,227
2024-04-29 18:36:02,224,227,224,223,227,228,230,227
2024-04-29 18:36:03,224,227,224,223,227,228,230,227
2024-04-29 18:36:04,224,227,224,223,227,228,230,227
2024-04-29 18:36:05,224,227,224,223,227,228,230,227
2024-04-29 18:36:06,224,227,224,223,227,228,230,227
2024-04-29 18:36:07,224,227,224,223,227,228,230,227
2024-04-29 18:36:08,224,227,224,223,227,228,230,227
2024-04-29 18:36:09,224,227,224,223,227,228,230,227
2024-04-29 18:36:10,224,227,224,223,227,228,230,227
2024-04-29 18:36:11,224,227,224,223,227,228,230,227
2024-04-29 18:36:12,224,227,224,223,227,228,230,227
2024-04-29 18:36:13,224,227,224,223,227,228,230,227
2024-04-29 18:36:14,224,227,224,223,227,228,230,227
2024-04-29 18:36:15,224,227,224,223,227,228,230,227
2024-04-29 18:36:16,224,227,224,223,227,228,230,227
2024-04-29 18:36:17,224,227,224,223,227,228,230,227
2024-04-29 18:36:18,224,227,224,223,227,228,230,227
2024-04-29 18:36:19,224,227,224,223,227,228,230,227
2024-04-29 18:36:20,224,227,224,223,227,228,230,227
2024-04-29 18:36:21,224,227,224,223,227,228,230,227
2024-04-29 18:36:22,224,227,224,223,227,228,230,227
2024-04-29 18:36:23,224,227,224,223,227,228,230,227
2024-04-29 18:36:24,224,227,224,223,227,228,230,227
2024-04-29 18:36:25,224,227,224,223,227,228,230,227
2024-04-29 18:36:26,224,227,224,223,227,228,230,227
2024-04-29 18:36:27,224,227,224,223,227,228,230,227
2024-04-29 18:36:28,224,227,224,223,227,228,230,227
2024-04-29 18:36:29,224,227,224,223,227,228,230,227
2024-04-29 18:36:30,224,227,224,223,227,228,230,227
2024-04-29 18:36:31,224,227,224,223,227,228,230,227
2024-04-29 18:36:32,224,227,224,223,227,228,230,227
2024-04-29 18:36:33,224,227,224,223,227,228,230,227
2024-04-29 18:36:34,224,227,224,223,227,228,230,227
2024-04-29 18:36:35,224,227,224,223,227,228,230,227
2024-04-29 18:36:36,224,227,224,223,227,228,230,227
2024-04-29 18:36:37,224,227,224,223,227,228,230,227
2024-04-29 18:36:38,224,227,224,223,227,228,230,227
2024-04-29 18:36:39,224,227,224,223,227,228,230,227
2024-04-29 18:36:40,224,227,224,223,227,228,230,227
2024-04-29 18:36:41,224,227,224,223,227,228,230,227
2024-04-29 18:36:42,224,227,224,223,227,228,230,227
2024-04-29 18:36:43,224,227,224,223,227,228,230,227
2024-04-29 18:36:44,224,227,224,223,227,228,230,227
2024-04-29 18:36:45,224,227,224,223,227,228,230,227
2024-04-29 18:36:46,224,227,224,223,227,228,230,227
2024-04-29 18:36:47,224,227,224,223,227,228,230,227
2024-04-29 18:36:48,224,227,224,223,227,228,230,227
2024-04-29 18:36:49,224,227,224,223,227,228,230,227
2024-04-29 18:36:50,224,227,224,223,227,228,230,227
2024-04-29 18:36:51,224,227,224,223,227,228,230,227
2024-04-29 18:36:52,224,227,224,223,227,228,230,227
2024-04-29 18:36:53,224,227,224,223,227,228,230,227
2024-04-29 18:36:54,224,227,224,223,227,228,230,227
2024-04-29 18:36:55,224,227,224,223,227,228,230,227
2024-04-29 18:36:56,224,227,224,223,227,228,230,227
2024-04-29 18:36:57,224,227,224,223,227,228,230,227
2024-04-29 18:36:58,224,227,224,223,227,228,230,227
2024-04-29 18:36:59,224,227,224,223,227,228,230,227
2024-04-29 18:37:00,224,227,224,223,227,228,230,227
2024-04-29 18:37:01,224,227,224,223,227,228,230,227
2024-04-29 18:37:02,224,227,224,223,227,228,230,227
2024-04-29 18:37:03,224,227,224,223,227,228,230,227
2024-04-29 18:37:04,224,227,224,223,227,228,230,227
2024-04-29 18:37:05,224,227,224,223,227,228,230,227
2024-04-29 18:37:06,224,227,224,223,227,228,230,227
2024-04-29 18:37:07,224,227,224,223,227,228,230,227
2024-04-29 18:37:08,224,227,224,223,227,228,230,227
2024-04-29 18:37:09,224,227,224,223,227,228,230,227
2024-04-29 18:37:10,224,227,224,223,227,228,230,227
2024-04-29 18:37:11,224,227,224,223,227,228,230,227
2024-04-29 18:37:12,224,227,224,223,227,228,230,227
2024-04-29 18:37:13,224,227,224,223,227,228,230,227
2024-04-29 18:37:14,224,227,224,223,227,228,230,227
2024-04-29 18:37:15,224,227,224,223,227,228,230,227
2024-04-29 18:37:16,224,227,224,223,227,228,230,227
2024-04-29 18:37:17,224,227,224,223,227,228,230,227
2024-04-29 18:37:18,224,227,224,223,227,228,230,227
2024-04-29 18:37:19,224,227,224,223,227,228,230,227
2024-04-29 18:37:20,224,227,224,223,227,228,230,227
2024-04-29 18:37:21,224,227,224,223,227,228,230,227
2024-04-29 18:37:22,224,227,224,223,227,228,230,227
2024-04-29 18:37:23,224,227,224,223,227,228,230,227
2024-04-29 18:37:24,224,227,224,223,227,228,230,227
2024-04-29 18:37:25,224,227,224,223,227,228,230,227
2024-04-29 18:37:26,224,227,224,223,227,228,230,227
2024-04-29 18:37:27,224,227,224,223,227,228,230,227
2024-04-29 18:37:28,224,227,224,223,227,228,230,227
2024-04-29 18:37:29,224,227,224,223,227,228,230,227
2024-04-29 18:37:30,224,227,224,223,227,228,230,227
2024-04-29 18:37:31,224,227,224,223,227,228,230,227
2024-04-29 18:37:32,224,227,224,223,227,228,230,227
2024-04-29 18:37:33,224,227,224,223,227,228,230,227
2024-04-29 18:37:34,224,227,224,223,227,228,230,227
2024-04-29 18:37:35,224,227,224,223,227,228,230,227
2024-04-29 18:37:36,224,227,224,223,227,228,230,227
2024-04-29 18:37:37,224,227,224,223,227,228,230,227
2024-04-29 18:37:38,224,227,224,223,227,228,230,227
2024-04-29 18:37:39,224,227,224,223,227,228,230,227
2024-04-29 18:37:40,224,227,224,223,227,228,230,227
2024-04-29 18:37:41,224,227,224,223,227,228,230,227
2024-04-29 18:37:42,224,227,224,223,227,228,230,227
2024-04-29 18:37:43,224,227,224,223,227,228,230,227
2024-04-29 18:37:44,224,227,224,223,227,228,230,227
2024-04-29 18:37:45,224,227,224,223,227,228,230,227
2024-04-29 18:37:46,224,227,224,223,227,228,230,227
2024-04-29 18:37:47,224,227,224,223,227,228,230,227
2024-04-29 18:37:48,224,227,224,223,227,228,230,227
2024-04-29 18:37:49,224,227,224,223,227,228,230,227
2024-04-29 18:37:50,224,227,224,223,227,228,230,227
2024-04-29 18:37:51,224,227,224,223,227,228,230,227
2024-04-29 18:37:52,224,227,224,223,227,228,230,227
2024-04-29 18:37:53,224,227,224,223,227,228,230,227
2024-04-29 18:37:54,224,227,224,223,227,228,230,227
2024-04-29 18:37:55,224,227,224,223,227,228,230,227
2024-04-29 18:37:56,224,227,224,223,227,228,230,227
2024-04-29 18:37:57,224,227,224,223,227,228,230,227
2024-04-29 18:37:58,224,227,224,223,227,228,230,227
2024-04-29 18:37:59,224,227,224,223,227,228,230,227
2024-04-29 18:38:00,224,227,224,223,227,228,230,227
2024-04-29 18:38:01,224,227,224,223,227,228,230,227
2024-04-29 18:38:02,224,227,224,223,227,228,230,227
2024-04-29 18:38:03,224,227,224,223,227,228,230,227
2024-04-29 18:38:04,224,227,224,223,227,228,230,227
2024-04-29 18:38:05,224,227,224,223,227,228,230,227
2024-04-29 18:38:06,224,227,224,223,227,228,230,227
2024-04-29 18:38:07,224,227,224,223,227,228,230,227
2024-04-29 18:38:08,224,227,224,223,227,228,230,227
2024-04-29 18:38:09,224,227,224,223,227,228,230,227
2024-04-29 18:38:10,224,227,224,223,227,228,230,227
2024-04-29 18:38:11,224,227,224,223,227,228,230,227
2024-04-29 18:38:12,224,227,224,223,227,228,230,227
2024-04-29 18:38:13,224,227,224,223,227,228,230,227
2024-04-29 18:38:14,224,227,224,223,227,228,230,227
2024-04-29 18:38:15,224,227,224,223,227,228,230,227
2024-04-29 18:38:16,224,227,224,223,227,228,230,227
2024-04-29 18:38:17,224,227,224,223,227,228,230,227
2024-04-29 18:38:18,224,227,224,223,227,228,230,227
2024-04-29 18:38:19,224,227,224,223,227,228,230,227
2024-04-29 18:38:20,224,227,224,223,227,228,230,227
2024-04-29 18:38:21,224,227,224,223,227,228,230,227
2024-04-29 18:38:22,224,227,224,223,227,228,230,227
2024-04-29 18:38:23,224,227,224,223,227,228,230,227
2024-04-29 18:38:24,224,227,224,223,227,228,230,227
2024-04-29 18:38:25,224,227,224,223,227,228,230,227
2024-04-29 18:38:26,224,227,224,223,227,228,230,227
2024-04-29 18:38:27,224,227,224,223,227,228,230,227
2024-04-29 18:38:28,224,227,224,223,227,228,230,227
2024-04-29 18:38:29,224,227,224,223,227,228,230,227
2024-04-29 18:38:30,224,227,224,223,227,228,230,227
2024-04-29 18:38:31,224,227,224,223,227,228,230,227
2024-04-29 18:38:32,224,227,224,223,227,228,230,227
2024-04-29 18:38:33,224,227,224,223,227,228,230,227
2024-04-29 18:38:34,224,227,224,223,227,228,230,227
2024-04-29 18:38:35,224,227,224,223,227,228,230,227
2024-04-29 18:38:36,224,227,224,223,227,228,230,227
2024-04-29 18:38:37,224,227,224,223,227,228,230,227
2024-04-29 18:38:38,224,227,224,223,227,228,230,227
2024-04-29 18:38:39,224,227,224,223,227,228,230,227
2024-04-29 18:38:40,224,227,224,223,227,228,230,227
2024-04-29 18:38:41,224,227,224,223,227,228,230,227
2024-04-29 18:38:42,224,227,224,223,227,228,230,227
2024-04-29 18:38:43,224,227,224,223,227,228,230,227
2024-04-29 18:38:44,224,227,224,223,227,228,230,227
2024-04-29 18:38:45,224,227,224,223,227,228,230,227
2024-04-29 18:38:46,224,227,224,223,227,228,230,227
2024-04-29 18:38:47,224,227,224,223,227,228,230,227
2024-04-29 18:38:48,224,227,224,223,227,228,230,227
2024-04-29 18:38:49,224,227,224,223,227,228,230,227
2024-04-29 18:38:50,224,227,224,223,227,228,230,227
2024-04-29 18:38:51,224,227,224,223,227,228,230,227
2024-04-29 18:38:52,224,227,224,223,227,228,230,227
2024-04-29 18:38:53,224,227,224,223,227,228,230,227
2024-04-29 18:38:54,224,227,224,223,227,228,230,227
2024-04-29 18:38:55,224,227,224,223,227,228,230,227
2024-04-29 18:38:56,224,227,224,223,227,228,230,227
2024-04-29 18:38:57,224,227,224,223,227,228,230,227
2024-04-29 18:38:58,224,227,224,223,227,228,230,227
2024-04-29 18:38:59,224,227,224,223,227,228,230,227
2024-04-29 18:39:00,224,227,224,223,227,228,230,227
2024-04-29 18:39:01,224,227,224,223,227,228,230,227
2024-04-29 18:39:02,224,227,224,223,227,228,230,227
2024-04-29 18:39:03,224,227,224,223,227,228,230,227
2024-04-29 18:39:04,224,227,224,223,227,228,230,227
2024-04-29 18:39:05,224,227,224,223,227,228,230,227
2024-04-29 18:39:06,224,227,224,223,227,228,230,227
2024-04-29 18:39:07,224,227,224,223,227,228,230,227
2024-04-29 18:39:08,224,227,224,223,227,228,230,227
2024-04-29 18:39:09,224,227,224,223,227,228,230,227
2024-04-29 18:39:10,224,227,224,223,227,228,230,227
2024-04-29 18:39:11,224,227,224,223,227,228,230,227
2024-04-29 18:39:12,224,227,224,223,227,228,230,227
2024-04-29 18:39:13,224,227,224,223,227,228,230,227
2024-04-29 18:39:14,224,227,224,223,227,228,230,227
2024-04-29 18:39:15,224,227,224,223,227,228,230,227
2024-04-29 18:39:16,224,227,224,223,227,228,230,227
2024-04-29 18:39:17,224,227,224,223,227,228,230,227
2024-04-29 18:39:18,224,227,224,223,227,228,230,227
2024-04-29 18:39:19,224,227,224,223,227,228,230,227
2024-04-29 18:39:20,224,227,224,223,227,228,230,227
2024-04-29 18:39:21,224,227,224,223,227,228,230,227
2024-04-29 18:39:22,224,227,224,223,227,228,230,227
2024-04-29 18:39:23,224,227,224,223,227,228,230,227
2024-04-29 18:39:24,224,227,224,223,227,228,230,227
2024-04-29 18:39:25,224,227,224,223,227,228,230,227
2024-04-29 18:39:26,224,227,224,223,227,228,230,227
2024-04-29 18:39:27,224,227,224,223,227,228,230,227
2024-04-29 18:39:28,224,227,224,223,227,228,230,227
2024-04-29 18:39:29,224,227,224,223,227,228,230,227
2024-04-29 18:39:30,224,227,224,223,227,228,230,227
2024-04-29 18:39:31,224,227,224,223,227,228,230,227
2024-04-29 18:39:32,224,227,224,223,227,228,230,227
2024-04-29 18:39:33,224,227,224,223,227,228,230,227
2024-04-29 18:39:34,224,227,224,223,227,228,230,227
2024-04-29 18:39:35,224,227,224,223,227,228,230,227
2024-04-29 18:39:36,224,227,224,223,227,228,230,227
2024-04-29 18:39:37,224,227,224,223,227,228,230,227
2024-04-29 18:39:38,224,227,224,223,227,228,230,227
2024-04-29 18:39:39,224,227,224,223,227,228,230,227
2024-04-29 18:39:40,224,227,224,223,227,228,230,227
2024-04-29 18:39:41,224,227,224,223,227,228,230,227
2024-04-29 18:39:42,224,227,224,223,227,228,230,227
2024-04-29 18:39:43,224,227,224,223,227,228,230,227
2024-04-29 18:39:44,224,227,224,223,227,228,230,227
2024-04-29 18:39:45,224,227,224,223,227,228,230,227
2024-04-29 18:39:46,224,227,224,223,227,228,230,227
2024-04-29 18:39:47,224,227,224,223,227,228,230,227
2024-04-29 18:39:48,224,227,224,223,227,228,230,227
2024-04-29 18:39:49,224,227,224,223,227,228,230,227
2024-04-29 18:39:50,224,227,224,223,227,228,230,227
2024-04-29 18:39:51,224,227,224,223,227,228,230,227
2024-04-29 18:39:52,224,227,224,223,227,228,230,227
2024-04-29 18:39:53,224,227,224,223,227,228,230,227
2024-04-29 18:39:54,224,227,224,223,227,228,230,227
2024-04-29 18:39:55,224,227,224,223,227,228,230,227
2024-04-29 18:39:56,224,227,224,223,227,228,230,227
2024-04-29 18:39:57,224,227,224,223,227,228,230,227
2024-04-29 18:39:58,224,227,224,223,227,228,230,227
2024-04-29 18:39:59,224,227,224,223,227,228,230,227
2024-04-29 18:40:00,224,227,224,223,227,228,230,227