"Time","fus-aot-service","fus-jit-service"
2024-05-11 22:00:55,,56.4 MB
2024-05-11 22:01:00,,56.4 MB
2024-05-11 22:01:05,,58.8 MB
2024-05-11 22:01:10,,58.8 MB
2024-05-11 22:01:15,,73.5 MB
2024-05-11 22:01:20,,73.5 MB
2024-05-11 22:01:25,,74.2 MB
2024-05-11 22:01:30,,74.2 MB
2024-05-11 22:01:35,,94.2 MB
2024-05-11 22:01:40,,94.2 MB
2024-05-11 22:01:45,,90.9 MB
2024-05-11 22:01:50,,90.9 MB
2024-05-11 22:01:55,38.0 MB,90.9 MB
2024-05-11 22:02:00,38.0 MB,90.9 MB
2024-05-11 22:02:05,45.8 MB,90.9 MB
2024-05-11 22:02:10,45.8 MB,90.9 MB
2024-05-11 22:02:15,47.7 MB,90.9 MB
2024-05-11 22:02:20,47.7 MB,90.9 MB
2024-05-11 22:02:25,48.8 MB,90.9 MB
2024-05-11 22:02:30,48.8 MB,90.9 MB
2024-05-11 22:02:35,47.7 MB,90.9 MB
2024-05-11 22:02:40,47.7 MB,90.9 MB
2024-05-11 22:02:45,47.9 MB,90.9 MB
2024-05-11 22:02:50,47.9 MB,90.9 MB
2024-05-11 22:02:55,47.9 MB,90.9 MB
2024-05-11 22:03:00,47.9 MB,90.9 MB
2024-05-11 22:03:05,47.9 MB,90.9 MB
2024-05-11 22:03:10,47.9 MB,90.9 MB
2024-05-11 22:03:15,47.9 MB,90.9 MB
2024-05-11 22:03:20,47.9 MB,90.9 MB
2024-05-11 22:03:25,47.9 MB,90.9 MB
2024-05-11 22:03:30,47.9 MB,90.9 MB
2024-05-11 22:03:35,47.9 MB,90.9 MB
2024-05-11 22:03:40,47.9 MB,90.9 MB
2024-05-11 22:03:45,47.9 MB,90.9 MB
2024-05-11 22:03:50,47.9 MB,90.9 MB
2024-05-11 22:03:55,47.9 MB,90.9 MB
2024-05-11 22:04:00,47.9 MB,90.9 MB
2024-05-11 22:04:05,47.9 MB,90.9 MB
2024-05-11 22:04:10,47.9 MB,90.9 MB
2024-05-11 22:04:15,47.9 MB,90.9 MB
2024-05-11 22:04:20,47.9 MB,90.9 MB
2024-05-11 22:04:25,47.9 MB,90.9 MB
2024-05-11 22:04:30,47.9 MB,90.9 MB
2024-05-11 22:04:35,47.9 MB,90.9 MB
2024-05-11 22:04:40,47.9 MB,90.9 MB
2024-05-11 22:04:45,47.9 MB,90.9 MB
2024-05-11 22:04:50,47.9 MB,90.9 MB
2024-05-11 22:04:55,47.9 MB,90.9 MB
2024-05-11 22:05:00,47.9 MB,90.9 MB
2024-05-11 22:05:05,47.9 MB,90.9 MB
2024-05-11 22:05:10,47.9 MB,90.9 MB
2024-05-11 22:05:15,47.9 MB,90.9 MB
2024-05-11 22:05:20,47.9 MB,90.9 MB
2024-05-11 22:05:25,47.9 MB,90.9 MB
2024-05-11 22:05:30,47.9 MB,90.9 MB
2024-05-11 22:05:35,47.9 MB,90.9 MB
2024-05-11 22:05:40,47.9 MB,90.9 MB
2024-05-11 22:05:45,47.9 MB,90.9 MB
2024-05-11 22:05:50,47.9 MB,90.9 MB
2024-05-11 22:05:55,47.9 MB,90.9 MB
2024-05-11 22:06:00,47.9 MB,90.9 MB
2024-05-11 22:06:05,47.9 MB,90.9 MB
2024-05-11 22:06:10,47.9 MB,90.9 MB
2024-05-11 22:06:15,47.9 MB,90.9 MB
2024-05-11 22:06:20,47.9 MB,90.9 MB
2024-05-11 22:06:25,47.9 MB,90.9 MB
2024-05-11 22:06:30,47.9 MB,90.9 MB
2024-05-11 22:06:35,47.9 MB,90.9 MB
2024-05-11 22:06:40,47.9 MB,90.9 MB
2024-05-11 22:06:45,47.9 MB,
2024-05-11 22:06:50,47.9 MB,
2024-05-11 22:06:55,47.9 MB,
2024-05-11 22:07:00,47.9 MB,
2024-05-11 22:07:05,47.9 MB,
2024-05-11 22:07:10,47.9 MB,
2024-05-11 22:07:15,47.9 MB,
2024-05-11 22:07:20,47.9 MB,
2024-05-11 22:07:25,47.9 MB,
2024-05-11 22:07:30,47.9 MB,
2024-05-11 22:07:35,47.9 MB,
2024-05-11 22:07:40,47.9 MB,